{
  "project_info": {
    "project_number": "676998531803",
    "project_id": "getcontact-f0417",
    "storage_bucket": "getcontact-f0417.appspot.com"
  },
  "client": [
    {
      "client_info": {
        "mobilesdk_app_id": "1:676998531803:android:ad5a098d72e118e49c9afe",
        "android_client_info": {
          "package_name": "com.Official.getcontact"
        }
      },
      "oauth_client": [],
      "api_key": [
        {
          "current_key": "AIzaSyBRG7BzFTylxhTuQxHTrVwBukoBliH-HVY"
        }
      ],
      "services": {
        "appinvite_service": {
          "other_platform_oauth_client": []
        }
      }
    }
  ],
  "configuration_version": "1"
}